模型,RMSE,R2
Lasso,0.010942628783643575,0.999318814989537
RandomForest,0.0016221846442809223,0.9999850299820288
LightGBM,0.01858074265460167,0.9980359710441092
