model,rmse_log,r2_log
PyTorch_MLP,0.11303181563766607,0.9146027565002441
